package,rating_value,rating_count,downloads
com.github.yeriomin.yalpstore,,,
hr.kravarscan.enchantedfortress,,,
de.reimardoeffinger.quickdic,4.663811683654785,467,"10,000 - 50,000"
ru.meefik.busybox,4.511925220489502,4067,"500,000 - 1,000,000"
com.brentpanther.litecoinwidget,4.481481552124023,27,"1,000 - 5,000"
com.brentpanther.ethereumwidget,4.342105388641357,76,"5,000 - 10,000"
com.brentpanther.bitcoinwidget,4.441176414489746,918,"50,000 - 100,000"
com.brentpanther.bitcoincashwidget,4.666666507720947,6,100 - 500
com.github.cythara,,,
me.zeeroooo.materialfb,,,
de.ph1b.audiobook,4.372668743133545,2949,"100,000 - 500,000"
org.y20k.trackbook,4.875,8,"1,000 - 5,000"
org.pacien.tincapp,,,
com.greenaddress.greenbits_android_wallet.testnet,4.5,12,"500 - 1,000"
com.greenaddress.greenbits_android_wallet,3.5065503120422363,229,"10,000 - 50,000"
eu.siacs.conversations,4.497098445892334,1034,"10,000 - 50,000"
it.rignanese.leo.slimfacebook,4.262704372406006,4408,"100,000 - 500,000"
com.github.quarck.calnotify,4.453744411468506,227,"10,000 - 50,000"
de.live.gdev.timetracker,3.6666667461395264,24,"1,000 - 5,000"
de.live.gdev.cherrymusic,,,
felixwiemuth.lincal,,,
com.b44t.messenger,,,
com.wmstein.tourcount,,,
org.openbmap.unifiedNlp,,,
com.nextcloud.android.beta,,,
org.mozilla.klar,4.396130561828613,982,"100,000 - 500,000"
app.librenews.io.librenews,4.199999809265137,5,100 - 500
nl.asymmetrics.droidshows,,,
io.github.gsantner.memetastic,,,
io.github.froodyapp,4.9285712242126465,14,100 - 500
org.shadowice.flocke.andotp,,,
nodomain.freeyourgadget.gadgetbridge,,,
com.zoffcc.applications.trifa,,,
de.westnordost.streetcomplete,4.7272725105285645,44,"5,000 - 10,000"
de.baumann.browser,,,
ryey.easer,,,
com.quaap.launchtime,,,
com.health.openscale,4.244444370269775,45,"5,000 - 10,000"
org.fitchfamily.android.symphony,,,
com.mkulesh.micromath.plus,4.730769157409668,78,"500 - 1,000"
de.markusfisch.android.shadereditor,4.7199015617370605,407,"10,000 - 50,000"
com.MarcosDiez.shareviahttp,4.417525768280029,582,"10,000 - 50,000"
com.ruesga.android.wallpapers.photophase,4.239215850830078,510,"10,000 - 50,000"
com.itds.sms.ping,,,
com.seafile.seadroid2,4.140791416168213,1314,"50,000 - 100,000"
com.gabm.screenrotationcontrol,,,
com.workingagenda.democracydroid,4.526315689086914,76,"10,000 - 50,000"
com.dkanada.icecons,,,
ca.rmen.android.networkmonitor,4.3211846351623535,439,"50,000 - 100,000"
com.kn.paper_foss_theme,,,
ch.bailu.aat,,,
org.asnelt.derandom,4.0,7,100 - 500
ml.adamsprogs.bimba,,,
de.tobiasbielefeld.solitaire,4.453333377838135,75,"10,000 - 50,000"
com.simplemobiletools.gallery,4.447761058807373,7437,"500,000 - 1,000,000"
org.asteroidos.sync,,,
vocabletrainer.heinecke.aron.vocabletrainer,,,
com.shatteredpixel.shatteredpixeldungeon,4.263112545013428,38189,"1,000,000 - 5,000,000"
com.termux.styling,4.824999809265137,160,"5,000 - 10,000"
com.nutomic.syncthingandroid,4.416493892669678,2413,"50,000 - 100,000"
email.schaal.ocreader,,,
ar.rulosoft.mimanganu,,,
org.nv95.openmanga,,,
de.k3b.android.androFotoFinder,,,
com.greenaddress.abcore,,,
fr.free.nrw.commons,4.282208442687988,163,"10,000 - 50,000"
de.christinecoenen.code.zapp,,,
ch.blinkenlights.android.vanilla,4.2213335037231445,3375,"500,000 - 1,000,000"
de.baumann.weather,3.75,20,"1,000 - 5,000"
net.osmand.plus,4.353431701660156,14396,"100,000 - 500,000"
com.enrico.earthquake,5.0,10,100 - 500
com.dkanada.openapk,,,
ca.rmen.android.frenchcalendar,4.39370059967041,127,"5,000 - 10,000"
org.billthefarmer.editor,,,
in.andres.kandroid,,,
com.vrem.wifianalyzer,4.406434535980225,5595,"1,000,000 - 5,000,000"
io.github.lonamiwebs.stringlate,,,
com.github.dfa.diaspora_android,,,
se.pp.mc.android.Gerberoid,,,
im.vector.alpha,4.593291282653809,477,"10,000 - 50,000"
dev.ukanth.ufirewall,4.344653129577637,8304,"500,000 - 1,000,000"
de.geeksfactory.opacclient,4.321875095367432,640,"50,000 - 100,000"
net.programmierecke.radiodroid2,4.594594478607178,111,"5,000 - 10,000"
de.digisocken.anotherrss,5.0,1,10 - 50
com.ogsdroid,,,
org.billthefarmer.currency,,,
org.andstatus.app,4.179487228393555,117,"5,000 - 10,000"
com.github.yeriomin.smsscheduler,3.769230842590332,26,"1,000 - 5,000"
com.tengu.sharetoclipboard,4.034722328186035,144,"10,000 - 50,000"
org.jak_linux.dns66,,,
com.simplemobiletools.filemanager,4.296127796173096,439,"10,000 - 50,000"
com.zeapo.pwdstore,4.590225696563721,266,"10,000 - 50,000"
com.kanedias.vanilla.audiotag,3.0,5,100 - 500
com.kanedias.vanilla.coverfetch,1.5,2,100 - 500
ch.logixisland.anuto,4.341463565826416,164,"5,000 - 10,000"
com.nbossard.packlist,3.4000000953674316,5,100 - 500
de.smasi.tickmate,4.471909999847412,89,"1,000 - 5,000"
org.mcxa.vortaro,,,
org.gateshipone.malp,4.640625,128,"10,000 - 50,000"
com.todobom.opennotescanner,4.0,111,"10,000 - 50,000"
org.billthefarmer.crossword,,,
com.wangdaye.mysplash,4.688492298126221,1008,"10,000 - 50,000"
com.vlath.keyboard,4.599999904632568,30,"1,000 - 5,000"
org.mariotaku.twidere,4.111904621124268,12180,"100,000 - 500,000"
org.quantumbadger.redreader,4.61696195602417,2146,"50,000 - 100,000"
com.samebits.beacon.locator,3.91304349899292,23,"1,000 - 5,000"
org.schabi.nxbookmarks,3.0,3,50 - 100
com.rareventure.gps2,,,
com.orgzly,4.5781073570251465,877,"10,000 - 50,000"
se.norenh.rkfread,,,
org.fitchfamily.android.gsmlocation,,,
com.example.openpass,,,
ch.corten.aha.worldclock,4.068195819854736,1613,"100,000 - 500,000"
com.keylesspalace.tusky,3.645021677017212,462,"50,000 - 100,000"
org.ogre.browser,,,
de.hampager.dapnetmobile,5.0,5,100 - 500
net.tjado.passwdsafe,,,
com.rubenwardy.minetestmodmanager,4.28787899017334,132,"5,000 - 10,000"
click.dummer.UartSmartwatch,3.0,2,10 - 50
org.ligi.survivalmanual,4.691781044006348,10804,"1,000,000 - 5,000,000"
protect.babysleepsounds,,,
de.tobiasbielefeld.brickgames,4.733333110809326,15,"500 - 1,000"
io.github.fvasco.pinpoi,4.5,2,"500 - 1,000"
com.menny.android.anysoftkeyboard,4.3541975021362305,21680,"1,000,000 - 5,000,000"
com.quaap.fishberserker,,,
subreddit.android.appstore,,,
de.schildbach.wallet_test,4.233766078948975,154,"10,000 - 50,000"
de.schildbach.wallet,4.011402130126953,15962,"1,000,000 - 5,000,000"
streetwalrus.usbmountr,,,
io.github.tjg1.nori,4.599999904632568,40,"1,000 - 5,000"
com.rascarlo.aurdroid,4.909090995788574,33,"500 - 1,000"
com.plusonelabs.calendar,4.282345771789551,8185,"500,000 - 1,000,000"
org.gateshipone.odyssey,4.672727108001709,55,"1,000 - 5,000"
es.usc.citius.servando.calendula,4.483870983123779,31,"1,000 - 5,000"
protect.card_locker,4.545454502105713,22,"1,000 - 5,000"
de.arnowelzel.android.periodical,3.5116279125213623,43,"5,000 - 10,000"
org.telegram.messenger,4.317955493927002,2599379,"100,000,000 - 500,000,000"
de.k3b.android.toGoZip,,,
com.rehanced.lunary,4.401273727416992,157,"5,000 - 10,000"
org.billthefarmer.diary,,,
org.freshrss.easyrss,,,
org.tasks,4.386946201324463,3861,"100,000 - 500,000"
com.mikifus.padland,3.0,1,100 - 500
org.dmfs.tasks,4.191275119781494,1490,"100,000 - 500,000"
me.ccrama.redditslide,4.497645378112793,5096,"100,000 - 500,000"
link.standen.michael.phonesaver,5.0,5,100 - 500
io.github.lonamiwebs.klooni,,,
com.launcher.silverfish,,,
de.jkliemann.parkendd,4.647058963775635,17,"1,000 - 5,000"
org.isoron.uhabits,4.735805034637451,11113,"500,000 - 1,000,000"
com.vadimfrolov.duorem,,,
com.iven.lfflfeedreader,4.171875,64,"1,000 - 5,000"
org.domogik.domodroid13,4.666666507720947,6,"1,000 - 5,000"
org.emunix.unipatcher,3.9724981784820557,2618,"100,000 - 500,000"
nl.yoerinijs.notebuddy,,,
com.marceljurtz.lifecounter,4.676470756530762,68,"10,000 - 50,000"
moe.feng.nhentai,,,
com.wmstein.transektcount,,,
org.walleth,4.090909004211426,11,"1,000 - 5,000"
de.blinkt.openvpn,4.2362589836120605,26890,"1,000,000 - 5,000,000"
nl.implode.regenalarm,4.08695650100708,23,"1,000 - 5,000"
com.quaap.primary,,,
com.quaap.phonefonefun,,,
com.metinkale.prayer,4.485844135284424,3956,"100,000 - 500,000"
ch.jiikuy.velocitycalculator,,,
jackpal.androidterm,4.395605087280273,111217,"10,000,000 - 50,000,000"
italian.said.fran.theitaliansaid,5.0,5,10 - 50
com.amaze.filemanager,4.339896202087402,9447,"500,000 - 1,000,000"
org.schabi.newpipe,,,
org.floens.chan,,,
com.ridgelineapps.resdicegame,,,
io.trezor.app,4.814285755157471,70,"10,000 - 50,000"
com.tobykurien.webapps,3.8852458000183105,61,"5,000 - 10,000"
com.tobykurien.google_news,4.08070182800293,285,"10,000 - 50,000"
es.esy.CosyDVR,3.153846263885498,13,"1,000 - 5,000"
net.nurik.roman.muzei,4.365924835205078,47906,"1,000,000 - 5,000,000"
org.proninyaroslav.libretorrent,4.253187656402588,549,"10,000 - 50,000"
be.ppareit.swiftp_free,4.407407283782959,108,"10,000 - 50,000"
org.openintents.filemanager,4.198959827423096,52488,"5,000,000 - 10,000,000"
player.efis.pfd,,,
org.ligi.materialteatimer,4.1875,16,"1,000 - 5,000"
org.kontalk,4.255009174346924,549,"10,000 - 50,000"
eu.kanade.tachiyomi,,,
io.github.hidroh.materialistic,4.757816791534424,1887,"50,000 - 100,000"
com.dimtion.shaarlier,4.9347825050354,46,"500 - 1,000"
ca.rmen.android.poetassistant,4.634259223937988,648,"100,000 - 500,000"
org.billthefarmer.siggen,,,
com.simplemobiletools.notes,4.485294342041016,272,"10,000 - 50,000"
org.t2.synconwifi,,,
org.y20k.transistor,4.179640769958496,167,"10,000 - 50,000"
saschpe.contactevents,4.25,12,"1,000 - 5,000"
com.tomer.screenshotsharer,4.666666507720947,12,100 - 500
org.hwyl.sexytopo,4.55555534362793,9,100 - 500
net.kourlas.voipms_sms,4.543932914733887,239,"10,000 - 50,000"
cz.martykan.forecastie,3.625,24,"1,000 - 5,000"
org.ligi.ipfsdroid,4.9259257316589355,27,"500 - 1,000"
info.papdt.blackblub,4.613190650939941,5049,"100,000 - 500,000"
com.farmerbb.taskbar,4.362296104431152,1899,"100,000 - 500,000"
com.btcontract.wallet,3.92476487159729,319,"50,000 - 100,000"
com.alaskalinuxuser.criticalvelocity,4.666666507720947,3,10 - 50
com.simplemobiletools.calendar,4.390099048614502,1515,"100,000 - 500,000"
link.standen.michael.slideshow,4.0625,16,"1,000 - 5,000"
cat.pantsu.nyaapantsu,,,
ru.exlmoto.snood21,,,
de.stephanlindauer.criticalmaps,4.730769157409668,208,"10,000 - 50,000"
com.shkmishra.lyrically,,,
org.scoutant.rpn,5.0,1,10 - 50
org.billthefarmer.scope,,,
com.benny.openlauncher,4.07619047164917,105,"10,000 - 50,000"
com.quaap.dodatheexploda,,,
fr.gaulupeau.apps.InThePoche,4.284883499145508,344,"10,000 - 50,000"
acr.browser.lightning,4.3161187171936035,1278,"10,000 - 50,000"
org.secuso.privacyfriendlysudoku,4.592592716217041,135,"10,000 - 50,000"
privacyfriendlyshoppinglist.secuso.org.privacyfriendlyshoppinglist,4.7272725105285645,22,"1,000 - 5,000"
org.bottiger.podcast,4.159090995788574,88,"10,000 - 50,000"
com.termux,4.713565826416016,7541,"500,000 - 1,000,000"
free.rm.skytube.oss,,,
org.lumicall.android,3.1525423526763916,59,"5,000 - 10,000"
net.nullsum.audinaut,,,
org.voidsink.anewjkuapp,4.271605014801025,81,"1,000 - 5,000"
com.simplemobiletools.musicplayer,4.193995475769043,433,"10,000 - 50,000"
souch.smp,4.625,16,"1,000 - 5,000"
player.efis.data.zar.aus,,,
player.efis.data.usa.can,,,
player.efis.data.eur.rus,,,
net.fabiszewski.ulogger,,,
com.simplemobiletools.draw,4.534883499145508,301,"50,000 - 100,000"
com.zoffcc.applications.zanavi,3.4588608741760254,948,"100,000 - 500,000"
nodom.darkfm.inventoryguimobile,,,
de.luhmer.owncloudnewsreader,4.494565010070801,184,"1,000 - 5,000"
com.vonglasow.michael.satstat,,,
nl.mpcjanssen.simpletask,4.722929954528809,314,"10,000 - 50,000"
com.digitalfishfun.openshift,,,
net.mypapit.mobile.myposition,4.169172763824463,266,"50,000 - 100,000"
org.pixmob.freemobile.netstat,4.052989959716797,1321,"100,000 - 500,000"
protect.rentalcalc,4.0,1,10 - 50
com.a5corp.weather,4.082353115081787,85,"5,000 - 10,000"
com.simplemobiletools.camera,4.193609237670898,532,"50,000 - 100,000"
link.standen.michael.fatesheets,2.5,6,50 - 100
org.primftpd,4.469696998596191,198,"10,000 - 50,000"
de.baumann.pdfcreator,,,
it.faerb.crond,,,
com.dosse.chromiumautoupdater,4.023904323577881,251,"10,000 - 50,000"
com.kanedias.vanilla.lyrics,3.3333332538604736,6,100 - 500
de.baumann.quitsmoking,,,
se.embargo.retroboy,4.490909099578857,110,"5,000 - 10,000"
com.jtmcn.archwiki.viewer,4.725893974304199,923,"10,000 - 50,000"
com.knirirr.beecount,4.473684310913086,361,"10,000 - 50,000"
com.joshtwigg.cmus.droid,4.581395149230957,43,"1,000 - 5,000"
com.forrestguice.suntimeswidget,,,
com.enrico.sample,,,
com.enrico.earthquake.batterysimplysolid,5.0,13,100 - 500
tranquvis.simplesmsremote,4.19444465637207,36,"1,000 - 5,000"
com.tananaev.logcat,4.045454502105713,22,"5,000 - 10,000"
com.polipoid,,,
com.nextcloud.client,4.171041488647461,1181,"100,000 - 500,000"
fr.unix_experience.owncloud_sms,3.617284059524536,81,"1,000 - 5,000"
com.nicue.onetwo,5.0,13,100 - 500
de.lihotzki.pixelflood,,,
com.aragaer.jtt,4.514705657958984,68,"1,000 - 5,000"
lanchon.sigspoof.checker,,,
me.dbarnett.acastus,5.0,2,50 - 100
com.github.premnirmal.tickerwidget,4.322695255279541,282,"10,000 - 50,000"
com.orpheusdroid.screenrecorder,4.361111164093018,36,"1,000 - 5,000"
org.servalproject,4.1780219078063965,1820,"100,000 - 500,000"
com.icechen1.notable.pro,4.445652008056641,276,"1,000 - 5,000"
com.gacode.relaunchx,,,
de.simplestatswidget,,,
com.genonbeta.TrebleShot,4.785714149475098,14,100 - 500
community.fairphone.mycontacts,,,
community.fairphone.clock,,,
io.github.powerinside.syncplay,4.411764621734619,17,"500 - 1,000"
chromiumupdater.bamless.com.chromiumsweupdater,,,
com.vlath.beheexplorer,,,
de.freewarepoint.whohasmystuff,4.304347991943359,23,"1,000 - 5,000"
org.ligi.gobandroid_hd,4.365079402923584,945,"100,000 - 500,000"
in.shick.diode,4.457831382751465,664,"10,000 - 50,000"
it.rignanese.leo.slimtwitter,4.127659797668457,94,"1,000 - 5,000"
com.cgogolin.library,3.588235378265381,17,"5,000 - 10,000"
com.termux.window,4.723076820373535,65,"1,000 - 5,000"
pl.librus.client,,,
com.danielkim.soundrecorder,4.309999942779541,100,"5,000 - 10,000"
ws.xsoh.etar,4.598726272583008,157,"10,000 - 50,000"
de.j4velin.pedometer,4.132268905639648,2631,"50,000 - 100,000"
com.alaskalinuxuser.shipcaptainandcrew,,,
com.gelakinetic.mtgfam,4.63646125793457,11168,"500,000 - 1,000,000"
org.microg.nlp.backend.nominatim,,,
com.liveplayergames.finneypoker,,,
fr.xtof54.mousetodon,,,
com.google.android.stardroid,4.481329917907715,458241,"50,000,000 - 100,000,000"
com.newsblur,3.7971768379211426,1346,"50,000 - 100,000"
uk.co.yahoo.p1rpp.calendartrigger,,,
com.samsandberg.mtafarebuster,3.5714285373687744,7,"500 - 1,000"
com.alaskalinuxuser.justnotes,5.0,4,100 - 500
com.alaskalinuxuser.justcraigslist,,,
com.aaronjwood.portauthority,,,
com.yubico.yubioath,4.347222328186035,432,"10,000 - 50,000"
org.lf_net.pgpunlocker,4.599999904632568,10,"1,000 - 5,000"
de.blau.android,4.073968887329102,703,"10,000 - 50,000"
org.traccar.client,4.4707207679748535,444,"50,000 - 100,000"
com.etesync.syncadapter,5.0,4,50 - 100
com.fsck.k9.material,4.449999809265137,20,"500 - 1,000"
de.baumann.thema,,,
kiwi.root.an2linuxclient,4.840909004211426,44,"500 - 1,000"
com.xabber.androiddev,,,
org.openintents.shopping,4.347629070281982,13687,"1,000,000 - 5,000,000"
uk.co.bitethebullet.android.token,,,
aws.apps.usbDeviceEnumerator,3.9180328845977783,793,"100,000 - 500,000"
fr.neamar.kiss,4.153354644775391,1565,"100,000 - 500,000"
com.pcinpact,4.254716873168945,106,"5,000 - 10,000"
ca.cmetcalfe.xposed.disablebatterywarnings,,,
com.manichord.mgit,3.8842105865478516,95,"10,000 - 50,000"
org.ligi.passandroid,4.160938739776611,5412,"1,000,000 - 5,000,000"
de.k3b.android.contentproviderhelper,,,
be.brunoparmentier.openbikesharing.app,4.5625,16,"1,000 - 5,000"
io.github.whirish.tvbuses,5.0,4,100 - 500
de.vanitasvitae.enigmandroid,,,
it.niedermann.owncloud.notes,3.803278684616089,61,"1,000 - 5,000"
de.baumann.sieben,5.0,5,"500 - 1,000"
org.asdtm.goodweather,3.5517241954803467,58,"1,000 - 5,000"
ca.pr0ps.xposed.entrustunblocker,,,
be.digitalia.fosdem,4.824390411376953,205,"5,000 - 10,000"
menion.android.whereyougo,3.747246742248535,1816,"100,000 - 500,000"
org.secuso.privacyfriendlypasswordgenerator,4.4285712242126465,7,100 - 500
ut.ewh.audiometrytest,3.107142925262451,28,"5,000 - 10,000"
com.llamacorp.equate,4.847715854644775,197,"10,000 - 50,000"
com.adonai.manman,4.602409839630127,83,"1,000 - 5,000"
com.danvelazco.fbwrapper,4.125112533569336,9991,"100,000 - 500,000"
org.tuxpaint,,,
com.mde.potdroid,4.970238208770752,168,"1,000 - 5,000"
com.pixiv.muzei.pixivsource,,,
io.gresse.hugo.anecdote,4.089285850524902,56,"5,000 - 10,000"
name.seguri.android.lock,,,
com.vlille.checker,4.663793087005615,116,"5,000 - 10,000"
simple.reboot.com,4.3359880447387695,4018,"100,000 - 500,000"
com.moonpi.swiftnotes,4.430107593536377,93,"1,000 - 5,000"
org.openobservatory.ooniprobe,4.621519088745117,790,"100,000 - 500,000"
org.wikipedia,4.43403434753418,555154,"10,000,000 - 50,000,000"
com.jmstudios.redmoon,4.747826099395752,115,"500 - 1,000"
de.hirtenstrasse.michael.lnkshortener,5.0,1,10 - 50
org.kore.kolabnotes.android,4.039999961853027,25,"1,000 - 5,000"
a2dp.Vol,4.1095099449157715,1041,"100,000 - 500,000"
org.surrel.facebooknotifications,,,
de.tap.easy_xkcd,4.77280855178833,559,"10,000 - 50,000"
org.smssecure.smssecure,4.585608005523682,2821,"50,000 - 100,000"
org.schabi.terminightor,,,
de.quaddyservices.dynamicnightlight,3.866666555404663,30,"5,000 - 10,000"
com.tttdevs.stncbookmarks,3.1666667461395264,6,100 - 500
za.co.lukestonehm.logicaldefence,4.0126051902771,714,"100,000 - 500,000"
bus.chio.wishmaster,,,
de.ktran.anno1404warenrechner,,,
ca.rmen.android.scrumchatter,4.666666507720947,9,"500 - 1,000"
me.echeung.cdflabs,4.25,12,100 - 500
org.softeg.slartus.forpdaplus,,,
de.baumann.hhsmoodle,5.0,2,10 - 50
click.dummer.textthing,4.400000095367432,5,100 - 500
org.totschnig.myexpenses,4.365503787994385,6621,"500,000 - 1,000,000"
com.fsck.k9,4.241711616516113,86508,"5,000,000 - 10,000,000"
re.jcg.playmusicexporter,,,
de.grobox.liberario,4.643678188323975,87,"1,000 - 5,000"
org.equeim.tremotesf,4.599999904632568,25,"500 - 1,000"
de.szalkowski.activitylauncher,4.357214450836182,2987,"100,000 - 500,000"
btools.routingapp,4.078832149505615,685,"100,000 - 500,000"
ru.valle.btc,4.307692527770996,78,"10,000 - 50,000"
name.myigel.fahrplan.eh17,5.0,1,1 - 5
io.homeassistant.android,,,
com.termux.api,4.740259647369385,539,"10,000 - 50,000"
net.tevp.postcode,3.6907217502593994,97,"10,000 - 50,000"
com.mschlauch.comfortreader,4.0,3,100 - 500
net.bible.android.activity,4.614366054534912,5513,"100,000 - 500,000"
com.serwylo.lexica,4.199999809265137,5,"500 - 1,000"
uk.co.busydoingnothing.prevo,4.7289719581604,321,"5,000 - 10,000"
org.wikimedia.commons.wikimedia,,,
net.ddns.mlsoftlaberge.trycorder,,,
com.shapps.mintubeapp,,,
com.geecko.QuickLyric,4.215160369873047,8087,"100,000 - 500,000"
de.chaosdorf.meteroid,4.875,8,50 - 100
protect.budgetwatch,,,
ca.cmetcalfe.xposed.flatconnectivityicons,,,
org.openpetfoodfacts.scanner,5.0,8,100 - 500
openfoodfacts.github.scrachx.openfood,4.185184955596924,27,"1,000 - 5,000"
at.linuxtage.companion,5.0,11,100 - 500
de.cwde.freeshisen,4.082353115081787,255,"10,000 - 50,000"
jp.redmine.redmineclient,3.6779661178588867,59,"5,000 - 10,000"
info.aario.snotepad,,,
info.aario.killcamera,,,
com.frozendevs.cache.cleaner,4.314919948577881,2118,"100,000 - 500,000"
com.physphil.android.unitconverterultimate,4.484097957611084,12514,"500,000 - 1,000,000"
org.yaxim.androidclient,4.111239910125732,863,"100,000 - 500,000"
info.schnatterer.nusic,3.559999942779541,25,"1,000 - 5,000"
ryey.flock,,,
openfoodfacts.github.scrachx.openbeauty,4.199999809265137,5,100 - 500
ro.ciubex.dscautorename,4.482283592224121,508,"10,000 - 50,000"
jp.forkhub,4.413389205932617,1195,"50,000 - 100,000"
org.andglkmod.hunkypunk,4.237837791442871,185,"5,000 - 10,000"
org.fossasia.openevent,3.692307710647583,13,100 - 500
org.transdroid.full,,,
org.aykit.MyOwnNotes,2.8958332538604736,48,"1,000 - 5,000"
com.anddevw.getchromium,,,
in.p1x.tanks_of_freedom,,,
com.ultramegatech.ey,4.235294342041016,68,"1,000 - 5,000"
org.kiwix.kiwixmobile,4.467518329620361,9236,"100,000 - 500,000"
com.fr3ts0n.ecu.gui.androbd,,,
org.transdroid.lite,4.285881042480469,3428,"100,000 - 500,000"
org.sufficientlysecure.ical,3.819672107696533,122,"10,000 - 50,000"
org.daylightingsociety.wherearetheeyes,5.0,7,"500 - 1,000"
com.tasomaniac.openwith.floss,,,
de.mangelow.throughput,,,
de.yazo_games.mensaguthaben,4.548728942871094,472,"10,000 - 50,000"
pl.hypeapp.endoscope,3.0,27,"10,000 - 50,000"
com.dftec.planetcon,4.170731544494629,41,"1,000 - 5,000"
org.connectbot,4.565772533416748,42381,"1,000,000 - 5,000,000"
com.alaskalinuxuser.hourglass,4.0714287757873535,14,"1,000 - 5,000"
org.secuso.privacyfriendlyactivitytracker,3.6666667461395264,21,"5,000 - 10,000"
org.secuso.privacyfriendlynetmonitor,,,
org.miamplayer.autoairplanemode,,,
com.twistedplane.sealnote,4.545533657073975,2295,"50,000 - 100,000"
com.jmstudios.chibe,,,
org.strawberryforum.pollywog,,,
it.feio.android.omninotes.foss,,,
protect.gift_card_guard,2.3333332538604736,3,100 - 500
org.jfedor.frozenbubble,4.279791355133057,28171,"1,000,000 - 5,000,000"
com.philliphsu.clock2,4.361701965332031,47,"1,000 - 5,000"
com.anysoftkeyboard.languagepack.neo,,,
org.jsl.shmp,,,
fly.speedmeter.grub,4.692307472229004,13,"500 - 1,000"
de.arnefeil.bewegungsmelder,4.743801593780518,121,"10,000 - 50,000"
me.tripsit.tripmobile,4.865671634674072,134,"10,000 - 50,000"
org.sensors2.pd,,,
com.xargsgrep.portknocker,4.55555534362793,144,"10,000 - 50,000"
de.mangelow.debdroid,,,
se.anyro.nfc_reader,3.443150281906128,1803,"500,000 - 1,000,000"
com.ichi2.anki,4.502191543579102,30345,"1,000,000 - 5,000,000"
org.sensors2.osc,,,
eu.siebeck.sipswitch,4.237864017486572,206,"10,000 - 50,000"
com.rastating.droidbeard,4.245098114013672,204,"10,000 - 50,000"
de.vibora.viborafeed,,,
com.notecryptpro,4.684210300445557,38,100 - 500
com.tasomaniac.dashclock.hackerspace.floss,,,
org.jfet.batsHIIT,4.25,8,"500 - 1,000"
de.mangelow.syncwifi,,,
de.mangelow.balance,,,
org.zephyrsoft.checknetwork,4.133333206176758,15,"1,000 - 5,000"
org.indywidualni.fblite,,,
org.mcxa.zephyrlogger,,,
ca.rmen.nounours,3.7918918132781982,370,"10,000 - 50,000"
org.openintents.notepad,4.184920310974121,4337,"500,000 - 1,000,000"
org.openintents.flashlight,4.101963043212891,1834,"100,000 - 500,000"
org.zephyrsoft.trackworktime,4.111111164093018,27,"5,000 - 10,000"
com.eneko.hexcolortimewallpaper,,,
info.guardianproject.pixelknot,3.806598424911499,879,"100,000 - 500,000"
com.byagowi.persiancalendar,4.4491167068481445,13531,"500,000 - 1,000,000"
net.mabako.steamgifts,4.7040815353393555,196,"1,000 - 5,000"
org.billthefarmer.tuner,,,
com.hayaisoftware.launcher,4.4666666984558105,60,"1,000 - 5,000"
de.mangelow.slideitloud,,,
org.ninthfloor.copperpdf,,,
com.vuze.android.remote,4.32802152633667,3326,"100,000 - 500,000"
grmpl.mk.stepandheightcounter,,,
com.pindroid,4.282809734344482,541,"10,000 - 50,000"
org.liberty.android.fantastischmemo,4.454545497894287,1881,"100,000 - 500,000"
ca.cmetcalfe.locationshare,4.333333492279053,6,100 - 500
com.iskrembilen.quasseldroid,4.437070846557617,437,"10,000 - 50,000"
mbmb5.lumixextendedcontrolapp,,,
org.billthefarmer.accordion,,,
net.gaast.giggity,4.346153736114502,78,"5,000 - 10,000"
org.scoutant.blokish,4.271676063537598,2076,"100,000 - 500,000"
org.billthefarmer.melodeon,,,
org.xbmc.kore,4.372338771820068,13246,"1,000,000 - 5,000,000"
org.petero.droidfish,4.611321449279785,10299,"500,000 - 1,000,000"
uk.co.keepawayfromfire.screens,3.8888888359069824,81,"10,000 - 50,000"
ca.farrelltonsolar.classic,4.714285850524902,70,"1,000 - 5,000"
com.dozingcatsoftware.asciicam,4.264367580413818,957,"100,000 - 500,000"
org.billthefarmer.shorty,,,
net.artificialworlds.rabbitescape,4.875,24,100 - 500
org.us.andriod,4.029411792755127,34,"5,000 - 10,000"
de.saschahlusiak.freebloks,4.30698299407959,5313,"100,000 - 500,000"
click.dummer.rickapp,,,
dk.jens.backup,,,
com.gunshippenguin.openflood,4.6265058517456055,83,"5,000 - 10,000"
com.haringeymobile.ukweather,4.050000190734863,20,"1,000 - 5,000"
com.coste.syncorg,3.3333332538604736,36,"1,000 - 5,000"
org.asdtm.fas,4.166666507720947,6,100 - 500
com.wbrenna.gtfsoffline,4.5,2,100 - 500
name.seguri.android.getforegroundactivity,,,
info.zwanenburg.caffeinetile,,,
au.com.wallaceit.reddinator,4.301587104797363,504,"50,000 - 100,000"
fr.kwiatkowski.ApkTrack,,,
com.redirectapps.tvkill,4.0427350997924805,117,"10,000 - 50,000"
com.allansimon.verbisteandroid,,,
org.microg.nlp,,,
com.google.android.location,,,
com.google.android.gms,3.922649621963501,13080790,"5,000,000,000 - 10,000,000,000"
info.meoblast001.thugaim,5.0,4,10 - 50
com.angrydoughnuts.android.alarmclock,4.4337992668151855,6367,"500,000 - 1,000,000"
ch.hgdev.toposuite,4.360000133514404,25,"1,000 - 5,000"
com.github.gianlucanitti.expreval,,,
com.sagar.screenshift2,3.7233595848083496,1905,"100,000 - 500,000"
com.msapps.touchdetector,,,
net.inbox.pager,,,
com.hasi.hasid00r,5.0,2,10 - 50
org.transdroid.search,,,
daniel_32.flexiblewallpaper,,,
it.langolonerd.app,,,
com.movim.movim,4.0,11,"1,000 - 5,000"
au.id.micolous.farebot,4.714285850524902,7,"1,000 - 5,000"
com.cityfreqs.littlesirecho,1.0,1,50 - 100
de.grobox.blitzmail,,,
ca.mimic.apphangar,4.2112836837768555,2641,"50,000 - 100,000"
com.fr3ts0n.stagefever,,,
tk.jordynsmediagroup.simpleirc.fdroid,,,
org.icasdri.mather,,,
moe.martini.midictrl,,,
mobi.boilr.boilr,3.9777777194976807,45,"1,000 - 5,000"
org.bienvenidoainternet.app,,,
github.yaa110.memento,5.0,2,10 - 50
com.termux.tasker,4.545454502105713,22,"500 - 1,000"
net.minetest.minetest,3.629014730453491,2771,"100,000 - 500,000"
org.olpc_france.sugarizer,4.823529243469238,17,"500 - 1,000"
com.cleveroad.sample,3.7096774578094482,31,"5,000 - 10,000"
com.termux.widget,4.599999904632568,35,"1,000 - 5,000"
org.ligi.fahrplan,4.800000190734863,45,"5,000 - 10,000"
org.opengappsdownloader,,,
com.yassirh.digitalocean,4.49131965637207,1152,"10,000 - 50,000"
tf.nox.wifisetup,4.5652174949646,23,"1,000 - 5,000"
com.secuso.privacyFriendlyCodeScanner,4.3913044929504395,115,"10,000 - 50,000"
telegra.ph,4.340909004211426,44,"1,000 - 5,000"
com.ebaschiera.triplecamel,,,
org.basketbuilddownloader,,,
name.boyle.chris.sgtpuzzles,4.40399169921875,7916,"100,000 - 500,000"
com.agateau.catgenerator,3.3611111640930176,36,"1,000 - 5,000"
ryey.camcov,,,
org.ligi.scr,4.684210300445557,19,"1,000 - 5,000"
com.mareksebera.simpledilbert,,,
org.secuso.privacyfriendlyruler,,,
com.quaap.computationaldemonology,4.199999809265137,5,100 - 500
atitel.com.todoer,,,
net.alaindonesia.silectric,,,
de.danoeh.antennapod,4.616527557373047,14267,"100,000 - 500,000"
org.pocketworkstation.pckeyboard,4.446010112762451,38257,"1,000,000 - 5,000,000"
com.app.missednotificationsreminder,4.192307472229004,182,"10,000 - 50,000"
org.secuso.privacyfriendlynotes,4.577777862548828,45,"1,000 - 5,000"
com.ultrafunk.network_info,4.0,28,"1,000 - 5,000"
org.ligi.fast,4.621621608734131,555,"50,000 - 100,000"
com.secuso.torchlight2,4.461538314819336,26,"1,000 - 5,000"
com.adam.aslfms,4.146336555480957,15150,"500,000 - 1,000,000"
com.oakley.fon,3.605989933013916,2571,"100,000 - 500,000"
com.phikal.regex,,,
com.iazasoft.footguy,4.925000190734863,40,"500 - 1,000"
com.quaap.audiometer,,,
net.pejici.summation,,,
org.ttrssreader,4.32649564743042,585,"10,000 - 50,000"
de.koelle.christian.trickytripper,4.646616458892822,133,"5,000 - 10,000"
com.palliser.nztides,4.157575607299805,330,"50,000 - 100,000"
ru.equestriadev.mgke,4.352458953857422,122,"1,000 - 5,000"
com.smithdtyler.prettygoodmusicplayer,3.952380895614624,63,"1,000 - 5,000"
com.phpsysinfo,4.415584564208984,462,"50,000 - 100,000"
fr.masciulli.drinks,4.5,18,"500 - 1,000"
org.sufficientlysecure.viewer,4.102930545806885,4129,"500,000 - 1,000,000"
com.simplemobiletools.flashlight,4.419213771820068,229,"10,000 - 50,000"
org.secuso.privacyfriendlytodolist,,,
org.secuso.privacyfriendlydicer,4.625,8,"500 - 1,000"
ru.sash0k.bluetooth_terminal,4.127659797668457,94,"10,000 - 50,000"
org.adaway,,,
de.msal.muzei.nationalgeographic,3.998901128768921,910,"10,000 - 50,000"
com.materialos.cm.theme,,,
org.tamanegi.atmosphere,4.07446813583374,188,"10,000 - 50,000"
com.infonuascape.osrshelper,4.490476131439209,210,"10,000 - 50,000"
de.hfu.funfpunktnull,4.607842922210693,102,"1,000 - 5,000"
org.secuso.privacyfriendlymemory,4.7272725105285645,11,"1,000 - 5,000"
org.secuso.privacyfriendlyyahtzeedicer,3.6666667461395264,3,100 - 500
me.murks.filmchecker,,,
org.sugr.gearshift,,,
net.khertan.forrunners,4.2727274894714355,22,"500 - 1,000"
org.dyndns.fules.ck,4.0,55,"5,000 - 10,000"
org.redcross.openmapkit,4.800000190734863,5,"1,000 - 5,000"
com.utyf.pmetro,4.235294342041016,170,"10,000 - 50,000"
org.toulibre.capitoledulibre,5.0,4,50 - 100
org.opengemara.shiurim,,,
com.briankhuu.nfcmessageboard,4.5,2,100 - 500
net.czlee.debatekeeper,4.588235378265381,459,"10,000 - 50,000"
com.xlythe.calculator.material,5.0,1,10 - 50
com.android2.calculator3,4.471715927124023,25456,"1,000,000 - 5,000,000"
com.sensirion.smartgadget,3.402061939239502,97,"10,000 - 50,000"
com.onest8.onetimepad,,,
eu.siacs.conversations.voicerecorder,4.599999904632568,20,"500 - 1,000"
com.enrico.filemanager,4.406779766082764,118,"10,000 - 50,000"
it.skarafaz.mercury,4.519999980926514,25,"500 - 1,000"
org.secuso.privacyfriendlyweather,3.799999952316284,20,"1,000 - 5,000"
org.secuso.privacyfriendlypin,4.75,8,"500 - 1,000"
me.johnmh.boogdroid,,,
edu.cmu.cs.speech.tts.flite,3.3190183639526367,163,"10,000 - 50,000"
org.ntpsync,,,
fr.s13d.photobackup,4.800000190734863,5,100 - 500
org.fastergps,,,
com.wolas.awesomewallpaper,,,
org.ligi.blexplorer,3.0,4,"1,000 - 5,000"
org.freeminer.freeminer,,,
com.lostrealm.lembretes,4.333333492279053,3,"1,000 - 5,000"
com.android.keepass,4.584105968475342,33975,"1,000,000 - 5,000,000"
org.glucosio.android,4.245810031890869,179,"10,000 - 50,000"
com.app.Zensuren,5.0,2,100 - 500
naman14.timber,4.3137526512146,2894,"100,000 - 500,000"
org.birthdayadapter,4.585526466369629,152,"1,000 - 5,000"
aq.com.sharetobrowser,,,
com.dozingcatsoftware.bouncy,4.1400675773620605,1485,"100,000 - 500,000"
de.dotwee.micropinner,4.609375,128,"1,000 - 5,000"
io.github.engsergiu.react,,,
com.majeur.applicationsinfo,4.4666666984558105,45,"1,000 - 5,000"
org.thecongers.mtpms,,,
eu.polarclock,,,
me.jakelane.wrapperforfacebook,4.088404178619385,871,"10,000 - 50,000"
click.dummer.funphonepuppet,,,
com.mobilepearls.sokoban,4.3627119064331055,885,"50,000 - 100,000"
com.ghstudios.android.mhgendatabase,4.783959865570068,3990,"100,000 - 500,000"
trikita.obsqr,4.456110000610352,581,"10,000 - 50,000"
com.duckduckgo.mobile.android,4.442855358123779,23843,"1,000,000 - 5,000,000"
nitezh.ministock,4.0664591789245605,2573,"100,000 - 500,000"
org.ligi.satoshiproof,4.111111164093018,36,"1,000 - 5,000"
it.linuxday.torino,,,
sh.ftp.rocketninelabs.meditationassistant.opensource,,,
com.tomaszmarzeion.notepad,3.5853657722473145,41,"5,000 - 10,000"
tomer.com.alwaysonamoledplugin,,,
net.wireloss.android.fahrplan.pw16,,,
org.sipdroid.sipua,3.9623005390167236,10902,"1,000,000 - 5,000,000"
com.mantz_it.rfanalyzer,4.340044975280762,447,"10,000 - 50,000"
gr.ratmole.android.Mach3Pendant,,,
com.example.root.analyticaltranslator,,,
anupam.acrylic,,,
com.matejdro.pebbledialer,4.040095329284668,2095,"100,000 - 500,000"
org.jsl.wfwt,3.943521499633789,301,"50,000 - 100,000"
de.syss.MifareClassicTool,4.32153844833374,650,"100,000 - 500,000"
de.sigfood,4.6315789222717285,38,"1,000 - 5,000"
br.odb.knights,3.6666667461395264,3,100 - 500
tk.al54.dev.badpixels,3.2857143878936768,7,"1,000 - 5,000"
sun.bob.leela,5.0,6,100 - 500
org.horaapps.leafpic,,,
cat.mvmike.minimalcalendarwidget,,,
me.alexghr.bulkshare.android.app2,2.5,2,10 - 50
ru.zxalexis.ugaday,,,
csd.qtproject.minesweeper,,,
de.j4velin.systemappmover,4.010977268218994,8290,"1,000,000 - 5,000,000"
com.example.muzei.muzeiapod,,,
be.uhasselt.privacypolice,4.226700305938721,1191,"100,000 - 500,000"
fr.ybo.transportsbordeaux,4.498146057128906,1618,"50,000 - 100,000"
com.cradle.iitc_mobile,,,
damo.three.ie,4.375,136,"5,000 - 10,000"
org.legtux.m_316k.fortune,,,
com.tomer.alwayson,4.273849010467529,58744,"1,000,000 - 5,000,000"
com.futurice.android.reservator,3.0,3,"500 - 1,000"
com.jtechme.jumpgo,4.0204081535339355,49,"1,000 - 5,000"
com.derek_s.hubble_gallery,4.5669989585876465,903,"50,000 - 100,000"
de.j4velin.wifiAutoOff,4.103269100189209,9422,"1,000,000 - 5,000,000"
com.nutomic.ensichat,3.866666555404663,15,"500 - 1,000"
eu.wikijourney.wikijourney,4.0,9,100 - 500
dmusiolik.pijaret,,,
eu.devunit.fb_client,,,
com.bleyl.recurrence,4.489583492279053,768,"10,000 - 50,000"
com.luorrak.ouroboros,3.5080645084381104,124,"10,000 - 50,000"
com.iamtrk.androidexplorer,4.633333206176758,30,"5,000 - 10,000"
org.epstudios.epmobile,4.3498101234436035,263,"50,000 - 100,000"
com.sound.ampache,3.423208236694336,293,"10,000 - 50,000"
com.viper.simplert,,,
org.cipherdyne.fwknop2,4.519999980926514,25,"500 - 1,000"
de.qspool.clementineremote,4.500670909881592,2980,"100,000 - 500,000"
org.openbmap,,,
koeln.mop.elpeefpe,,,
ohm.quickdice,4.17122745513916,1279,"100,000 - 500,000"
org.whitequark.sipcaller,,,
com.luk.timetable2,,,
de.bitsharesmunich.smartcoinswallet,4.134328365325928,67,"1,000 - 5,000"
com.uberspot.a2048,4.23958158493042,55167,"1,000,000 - 5,000,000"
com.eolwral.osmonitor,4.4316558837890625,13849,"1,000,000 - 5,000,000"
swati4star.createpdf,,,
com.simplemobiletools.calculator,4.416666507720947,72,"5,000 - 10,000"
com.simplemobiletools.applauncher,4.237287998199463,59,"5,000 - 10,000"
org.disrupted.rumble,4.4285712242126465,28,"1,000 - 5,000"
free.rm.netcfgwidget,,,
net.usikkert.kouchat.android,3.9607841968536377,51,"1,000 - 5,000"
com.murrayc.galaxyzoo.app,4.633333206176758,180,"5,000 - 10,000"
com.mathi_amorim.emmanuel.metrictime,,,
com.ubergeek42.WeechatAndroid,4.264827728271484,725,"50,000 - 100,000"
net.daverix.urlforward,4.0,8,100 - 500
org.michaelevans.nightmodeenabler,4.37379264831543,3106,"100,000 - 500,000"
com.tomer.poke.notifier,3.34375,128,"10,000 - 50,000"
com.manuelmaly.hn,4.353982448577881,1356,"50,000 - 100,000"
com.xperia64.timidityae,4.392592430114746,135,"1,000 - 5,000"
io.github.hopedia,,,
me.sheimi.sgit,4.092783451080322,1261,"50,000 - 100,000"
org.fitchfamily.android.wifi_backend,,,
net.alegen.android.netclip,5.0,1,50 - 100
com.darshancomputing.BatteryIndicator,4.477680206298828,56228,"5,000,000 - 10,000,000"
ro.mihai.tpt,4.243268013000488,3268,"100,000 - 500,000"
de.k3b.android.locationMapViewer,,,
name.seguri.android.isphoneencrypted,,,
eu.veldsoft.ithaka.board.game,,,
it.lucci.cm.greyscaletheme,4.5681471824646,653,"50,000 - 100,000"
com.github.sryze.wirebug,4.666666507720947,3,100 - 500
eu.faircode.netguard,4.234280586242676,5630,"500,000 - 1,000,000"
com.liato.bankdroid,4.117949962615967,5053,"100,000 - 500,000"
uk.co.ashtonbrsc.android.intentintercept,,,
com.gabm.fancyplaces,4.199999809265137,10,100 - 500
org.ethack.orwall,,,
com.nextgis.mobile,4.389610290527344,77,"5,000 - 10,000"
com.nkanaev.comics,4.323615074157715,343,"10,000 - 50,000"
com.github.yeriomin.dumbphoneassistant,,,
me.shrimadhavuk.watransmitter,,,
eu.veldsoft.complica4,5.0,2,10 - 50
de.onyxbits.remotekeyboard,4.299084663391113,983,"100,000 - 500,000"
de.onyxbits.listmyapps,4.373197555541992,1179,"100,000 - 500,000"
tk.radioactivemineral.metronome,3.6666667461395264,3,100 - 500
trikita.talalarmo,4.38095235824585,105,"5,000 - 10,000"
tkj.android.homecontrol.mythmote,4.496679782867432,753,"50,000 - 100,000"
tw.qtlin.mac.airunlocker,,,
org.afhdownloader,,,
me.danielbarnett.addresstogps,,,
com.mustafaali.sensorssandbox,3.7096774578094482,31,"1,000 - 5,000"
org.xposeddownloader,,,
ohi.andre.consolelauncher,4.684715270996094,6150,"100,000 - 500,000"
de.lsubel.amam,,,
com.passcard,,,
org.iilab.openmentoring,,,
org.zamedev.gloomydungeons2.opensource,3.752631664276123,190,"10,000 - 50,000"
fr.s3i.pointeuse,,,
ch.fixme.status,4.287499904632568,80,"10,000 - 50,000"
org.mozilla.mozstumbler,4.4666666984558105,855,"50,000 - 100,000"
org.berlin_vegan.bvapp,4.113924026489258,237,"10,000 - 50,000"
me.hda.urlhda,,,
us.lindanrandy.cidrcalculator,4.5709967613220215,993,"50,000 - 100,000"
pk.contender.earmouse,4.699999809265137,10,"500 - 1,000"
eu.flatworld.android.slider,3.536842107772827,95,"5,000 - 10,000"
im.r_c.android.jigsaw,,,
im.r_c.android.clearweather,,,
org.dgtale.icsimport,,,
com.markuspage.android.certtools,3.7142856121063232,14,"1,000 - 5,000"
net.etuldan.sparss.floss,,,
com.hexad.bluezime,,,
net.justdave.nwsweatheralertswidget,3.839506149291992,81,"10,000 - 50,000"
net.majorkernelpanic.spydroid,3.747967481613159,369,"10,000 - 50,000"
com.shurik.droidzebra,4.450530052185059,566,"50,000 - 100,000"
max.music_cyclon,,,
com.khuttun.notificationnotes,4.509433746337891,53,"1,000 - 5,000"
ivl.android.moneybalance,,,
com.u17od.upm,3.9849531650543213,4054,"500,000 - 1,000,000"
com.markuspage.android.atimetracker,4.285714149475098,7,100 - 500
fr.hnit.babyname,,,
fr.hnit.riverferry,,,
se.tube42.drum.android,,,
com.ilm.sandwich,4.02901029586792,586,"50,000 - 100,000"
ovh.ice.icecons,,,
org.surrel.messengerbypasser,,,
org.wahtod.wififixer,3.7345738410949707,30419,"1,000,000 - 5,000,000"
com.example.tobiastrumm.freifunkautoconnect,,,
it.mobimentum.dualsimwidget,3.3492064476013184,63,"10,000 - 50,000"
de.k3b.android.calendar.ics.adapter,,,
de.badaix.snapcast,,,
trikita.slide,4.762712001800537,118,"5,000 - 10,000"
us.feras.mdv.demo,,,
org.cry.otp,4.209876537322998,81,"10,000 - 50,000"
ch.blinkenlights.android.vanillaplug,3.9918031692504883,122,"10,000 - 50,000"
us.achromaticmetaphor.agram,4.285714149475098,7,100 - 500
de.eidottermihi.raspicheck,4.4660491943359375,972,"100,000 - 500,000"
fr.renzo.wikipoff,,,
com.evenement.encapsulation,,,
in.blogspot.anselmbros.torchie,4.222495079040527,2036,"100,000 - 500,000"
raele.concurseiro,,,
org.poirsouille.tinc_gui,4.5,82,"5,000 - 10,000"
net.bluetoothviewer,3.7543859481811523,171,"10,000 - 50,000"
fr.simon.marquis.preferencesmanager,4.309133529663086,427,"10,000 - 50,000"
com.poinsart.votar,4.019230842590332,52,"5,000 - 10,000"
com.vsmartcard.acardemulator,,,
org.itishka.pointim,4.594594478607178,37,100 - 500
de.bitsharesmunich.wallet,,,
sk.halmi.fbeditplus,3.9397590160369873,83,"10,000 - 50,000"
com.dirkgassen.wator,,,
org.sufficientlysecure.localcalendar,4.14376974105835,313,"10,000 - 50,000"
com.saladdressing.veterondo,4.066666603088379,15,100 - 500
nya.miku.wishmaster,,,
io.github.otakuchiyan.dnsman,,,
org.happysanta.gd,4.5445404052734375,4277,"100,000 - 500,000"
com.tortel.syslog,4.362318992614746,621,"100,000 - 500,000"
com.jbirdvegas.mgerrit,4.26086950302124,552,"100,000 - 500,000"
com.litmus.worldscope,,,
br.usp.ime.retrobreaker,3.4901959896087646,51,"5,000 - 10,000"
mobi.omegacentauri.SendReduced,4.322851181030273,477,"10,000 - 50,000"
eu.faircode.finegeotag,,,
vnd.blueararat.kaleidoscope6,3.734482765197754,290,"10,000 - 50,000"
com.crazyhitty.chdev.ks.munch,3.279069662094116,43,"10,000 - 50,000"
io.davidar.tensor,,,
com.twofours.surespot,4.168777942657471,2447,"100,000 - 500,000"
ru.glesik.wifireminders,,,
org.nick.cryptfs.passwdmanager,4.289036750793457,301,"10,000 - 50,000"
io.github.kobuge.games.minilens,,,
com.darshancomputing.BatteryIndicatorPro,4.569513320922852,6265,"100,000 - 500,000"
org.androidpn.client,,,
fr.simon.marquis.secretcodes,4.0317816734313965,2234,"100,000 - 500,000"
de.we.acaldav,3.6111111640930176,90,"10,000 - 50,000"
com.vsmartcard.remotesmartcardreader.app,,,
com.mitzuli,3.8496503829956055,286,"10,000 - 50,000"
org.microg.nlp.backend.ichnaea,,,
org.microg.nlp.backend.apple,,,
com.javiersantos.whatsappbetaupdater,,,
peanutencryption.peanutencryption,5.0,3,100 - 500
it.eternitywall.eternitywall,4.545454502105713,11,100 - 500
org.totschnig.sendwithftp,,,
com.mridang.throttle,3.777777671813965,18,"1,000 - 5,000"
com.mridang.speedo,4.235294342041016,17,100 - 500
com.jmstudios.pointandhit.android,3.799999952316284,10,100 - 500
org.olgsoft.apipepanic,,,
de.cweiske.headphoneindicator,5.0,1,10 - 50
com.onetwofivegames.kungfoobarracuda,4.0,3,10 - 50
com.frrahat.quransimple,,,
net.fred.feedex,4.430307865142822,1234,"10,000 - 50,000"
com.abcdjdj.rootverifier,4.14973258972168,2057,"100,000 - 500,000"
cz.martykan.webtube,,,
cz.eutopia.snooperstopper,4.210526466369629,19,"500 - 1,000"
com.github.timnew.smartremotecontrol,,,
de.meonwax.soundboard,,,
org.schabi.svgredirect,,,
net.wigle.wigleandroid,4.219686985015869,3068,"500,000 - 1,000,000"
com.easytarget.micopi,4.253520965576172,2698,"100,000 - 500,000"
com.lukekorth.screennotifications,,,
org.shortcuts,4.477612018585205,67,"1,000 - 5,000"
org.ametro,4.401620864868164,3085,"100,000 - 500,000"
net.damsy.soupeaucaillou.heriswap,4.419753074645996,81,"5,000 - 10,000"
com.holokenmod,,,
de.skubware.opentraining,3.462686538696289,134,"10,000 - 50,000"
moe.minori.pgpclipper,4.090909004211426,11,"1,000 - 5,000"
org.schabi.openhitboxstreams,,,
gq.nulldev.animeopenings.app,,,
org.jamienicol.episodes,,,
de.phoenixstudios.pc_dimmer,4.75,24,"1,000 - 5,000"
com.thibaudperso.sonycamera,3.741420030593872,1690,"100,000 - 500,000"
be.brunoparmentier.wifikeyshare,3.880000114440918,25,"5,000 - 10,000"
com.Pau.ImapNotes2,2.8767123222351074,73,"10,000 - 50,000"
douzifly.list,4.1621623039245605,111,"10,000 - 50,000"
com.einmalfel.podlisten,4.0,17,"1,000 - 5,000"
de.uni_potsdam.hpi.openmensa,4.5,10,"500 - 1,000"
org.bobstuff.bobball,,,
com.alexcruz.papuhwalls,,,
jonas.tool.saveForOffline,,,
de.karbach.tac,4.833333492279053,6,"500 - 1,000"
net.pmarks.chromadoze,4.462002277374268,829,"50,000 - 100,000"
com.agnibho.android.solarcompass,5.0,1,100 - 500
io.github.powerinside.scrollsocket,,,
com.markusborg.test,4.777777671813965,9,100 - 500
rino.org.tethercompanion,,,
de.pinyto.exalteddicer,,,
io.github.phora.androptpb,,,
com.javierllorente.adc,,,
org.fedorahosted.freeotp,4.577854633331299,1445,"100,000 - 500,000"
me.phh.superuser,4.5041399002075195,1087,"100,000 - 500,000"
org.csploit.android,,,
org.anothermonitor,4.320000171661377,25,"1,000 - 5,000"
com.bytestemplar.tonedef,4.544303894042969,79,"10,000 - 50,000"
uk.co.busydoingnothing.catverbs,4.625,56,"5,000 - 10,000"
com.dozingcatsoftware.cameratimer,3.909090995788574,407,"100,000 - 500,000"
com.twobuntu.twobuntu,5.0,12,"500 - 1,000"
protect.babymonitor,,,
eu.veldsoft.svarka.odds.calculator,2.777777671813965,9,"500 - 1,000"
com.github.yeriomin.workoutlog,,,
com.wikijourney.wikijourney,,,
com.dnielfe.manager,,,
nerd.tuxmobil.fahrplan.congress,4.760252475738525,317,"10,000 - 50,000"
nerd.tuxmobil.fahrplan.camp,4.789473533630371,19,"500 - 1,000"
com.aidinhut.simpletextcrypt,,,
eu.veldsoft.scribe4,,,
net.bierbaumer.otp_authenticator,4.15625,32,"5,000 - 10,000"
net.iexos.musicalarm,,,
org.ligi.etheremote,3.799999952316284,5,"1,000 - 5,000"
info.staticfree.SuperGenPass,4.589743614196777,273,"10,000 - 50,000"
net.iowaline.dotdash,3.9836065769195557,183,"10,000 - 50,000"
cc.rainwave.android,,,
com.haha01haha01.harail,5.0,6,100 - 500
net.bitplane.android.microphone,3.421081066131592,20331,"1,000,000 - 5,000,000"
eu.veldsoft.colors.overflow,3.6666667461395264,3,50 - 100
at.bitfire.gfxtablet,,,
eu.veldsoft.tuty.fruty.slot,5.0,2,100 - 500
de.naturalnet.zahnarztgeraeusche,,,
eu.veldsoft.politrics,5.0,3,10 - 50
com.leocardz.multitouch.test,4.328858852386475,149,"10,000 - 50,000"
net.glsk.wpgen,,,
giraffine.dimmer,4.4642653465271,10550,"500,000 - 1,000,000"
eu.veldsoft.vitoshadm,4.4285712242126465,7,100 - 500
info.guardianproject.browser,,,
eu.veldsoft.fish.rings,5.0,2,50 - 100
science.itaintrocket.pomfshare,,,
ch.ihdg.calendarcolor,,,
is.pinterjann.jaws,3.615384578704834,13,"1,000 - 5,000"
com.rubenroy.minimaltodo,,,
org.tvheadend.tvhguide,4.098591327667236,355,"10,000 - 50,000"
net.loeuillet.wifi_eap_sim_conf,,,
com.nononsenseapps.notepad,4.439064979553223,1797,"100,000 - 500,000"
wiseguys.radar,4.0,8,"1,000 - 5,000"
org.navitproject.navit,3.139309883117676,2376,"500,000 - 1,000,000"
com.yubico.yubiclip,4.130434989929199,138,"10,000 - 50,000"
org.dolphinemu.dolphinemu,,,
org.epstudios.morbidmeter,4.0,4,10 - 50
org.ppsspp.ppsspp,4.24311637878418,853698,"10,000,000 - 50,000,000"
com.doomy.torch,4.563380241394043,71,"1,000 - 5,000"
indrora.atomic,,,
com.fullscreen,,,
com.github.xloem.qrstream,,,
io.github.sanbeg.flashlight,4.679999828338623,25,"1,000 - 5,000"
com.akop.bach,,,
com.dougkeen.bart,4.480000019073486,1150,"100,000 - 500,000"
it.mn.salvi.linuxDayOSM,4.647058963775635,17,"500 - 1,000"
com.mattgmg.miracastwidget,3.2801153659820557,6583,"1,000,000 - 5,000,000"
com.chanapps.four.activity,,,
com.github.redpanal.android,3.6666667461395264,3,10 - 50
com.matoski.adbm,4.3085713386535645,175,"10,000 - 50,000"
org.vi_server.red_screen,,,
com.fastebro.androidrgbtool,4.255000114440918,200,"10,000 - 50,000"
com.junjunguo.pocketmaps,3.263157844543457,38,"1,000 - 5,000"
com.mgaetan89.showsrage,4.427184581756592,206,"10,000 - 50,000"
com.emmaguy.cleanstatusbar,3.5909810066223145,2528,"100,000 - 500,000"
systems.byteswap.aiproute,,,
org.smblott.intentradio,,,
am.zoom.mbrowser,5.0,9,100 - 500
github.daneren2005.dsub,4.6973795890808105,1183,"10,000 - 50,000"
io.github.phora.aeondroid,,,
us.bravender.android.dongsa,4.537445068359375,454,"10,000 - 50,000"
me.guillaumin.android.osmtracker,4.336999416351318,1273,"100,000 - 500,000"
org.kost.externalip,4.113924026489258,79,"10,000 - 50,000"
org.geometerplus.zlibrary.ui.android,4.543752193450928,195659,"10,000,000 - 50,000,000"
gg.mw.passera,,,
org.androidsoft.games.memory.kids,,,
org.yaaic,4.108821868896484,1893,"100,000 - 500,000"
wb.receiptspro,4.729127883911133,539,"10,000 - 50,000"
com.google.zxing.client.android,4.0744194984436035,621275,"100,000,000 - 500,000,000"
info.guardianproject.checkey,4.416357040405273,269,"10,000 - 50,000"
com.namelessdev.mpdroid,4.559834003448486,2649,"100,000 - 500,000"
eu.mrogalski.saidit,3.9087719917297363,285,"10,000 - 50,000"
com.kodarkooperativet.notificationstopwatch,4.675324440002441,77,"1,000 - 5,000"
com.commonsware.android.arXiv,4.5222673416137695,741,"50,000 - 100,000"
net.androgames.level,4.303520679473877,148158,"10,000,000 - 50,000,000"
au.com.darkside.XServer,3.909621000289917,343,"50,000 - 100,000"
com.axelby.podax,3.4159293174743652,113,"5,000 - 10,000"
com.jadn.cc,4.120606899261475,1252,"100,000 - 500,000"
de.duenndns.gmdice,4.186544418334961,327,"10,000 - 50,000"
aarddict.android,4.5,390,"10,000 - 50,000"
net.nightwhistler.pageturner,,,
fm.libre.droid,,,
com.borneq.heregpslocation,,,
com.gpl.rpg.AndorsTrail,4.098021984100342,17996,"500,000 - 1,000,000"
vu.de.urpool.quickdroid,4.388791561126709,571,"10,000 - 50,000"
com.google.android.diskusage,4.59371280670166,36836,"1,000,000 - 5,000,000"
edu.killerud.kitchentimer,,,
de.shandschuh.slightbackup,,,
li.klass.fhem,4.490384578704834,728,"10,000 - 50,000"
com.volosyukivan,4.308825969696045,5903,"500,000 - 1,000,000"
com.tastycactus.timesheet,3.338345766067505,133,"10,000 - 50,000"
com.eleybourn.bookcatalogue,4.372947692871094,4081,"100,000 - 500,000"
net.bytten.xkcdviewer,4.6420793533325195,3674,"100,000 - 500,000"
com.showmehills,3.5188679695129395,106,"10,000 - 50,000"
cx.hell.android.pdfview,,,
tuioDroid.impl,4.207207202911377,111,"10,000 - 50,000"
at.tomtasche.reader,3.9978644847869873,26692,"1,000,000 - 5,000,000"
org.xbmc.android.remote,,,
de.delusions.measure,4.172268867492676,476,"50,000 - 100,000"
com.teleca.jamendo,,,
com.ath0.rpn,4.343589782714844,195,"10,000 - 50,000"
com.ihunda.android.binauralbeat,4.2462382316589355,13491,"1,000,000 - 5,000,000"
org.penghuang.tools.rotationlock,4.179039478302002,229,"10,000 - 50,000"
es.cesar.quitesleep,3.473118305206299,93,"10,000 - 50,000"
net.tapi.handynotes,3.595505714416504,89,"10,000 - 50,000"
net.mafro.android.wakeonlan,4.199280738830566,1947,"100,000 - 500,000"
com.kostmo.wallpaper.spiral,4.146825313568115,252,"10,000 - 50,000"
An.stop,,,
mixedbit.speechtrainer,3.844155788421631,231,"10,000 - 50,000"
org.beide.bomber,,,
org.woltage.irssiconnectbot,4.581626892089844,1807,"100,000 - 500,000"
com.evancharlton.mileage,4.333007335662842,8177,"500,000 - 1,000,000"
com.smorgasbork.hotdeath,4.309734344482422,339,"10,000 - 50,000"
com.hermit.btreprap,,,
com.voidcode.diasporawebclient,3.4474475383758545,333,"10,000 - 50,000"
cri.sanity,3.7844362258911133,4806,"500,000 - 1,000,000"
net.micode.compass,,,
uk.co.jarofgreen.JustADamnCompass,4.133333206176758,30,"1,000 - 5,000"
org.paulmach.textedit,,,
org.marcus905.wifi.ace,3.8934009075164795,985,"100,000 - 500,000"
net.szym.barnacle,4.189746856689453,13518,"1,000,000 - 5,000,000"
net.tedstein.AndroSS,3.934359073638916,975,"100,000 - 500,000"
net.sylvek.sharemyposition,3.891774892807007,231,"10,000 - 50,000"
cz.romario.opensudoku,4.557470321655273,15669,"1,000,000 - 5,000,000"
com.chessclock.android,,,
org.sparkleshare.android,,,
info.guardianproject.cacert,,,
org.adw.launcher,4.316471099853516,179119,"10,000,000 - 50,000,000"
name.bagi.levente.pedometer,,,
com.nexes.manager,,,
goo.TeaTimer,4.313084125518799,642,"10,000 - 50,000"
fr.seeks,,,
com.totsp.bookworm,,,
android.androidVNC,4.159203052520752,13354,"1,000,000 - 5,000,000"
se.johanhil.duckduckgo,,,
se.johanhil.clipboard,,,
to.networld.android.divedroid,,,
com.googlecode.chartdroid,3.677725076675415,211,"10,000 - 50,000"
nu.firetech.android.pactrack,4.220930099487305,258,"10,000 - 50,000"
